Theme,Wikipedia Article
Romantic love,Romantic love
Unrequited love,Unrequited love
Breakup,Breakup
Longing,Longing (emotion)
Reconciliation,"On-again, off-again relationship"
Toxic relationship,Psychological abuse
New relationship energy,New relationship energy
Jealousy,Jealousy
Casual relationship,Casual dating
Infidelity,Infidelity
Grief,Grief
Euphoria,Euphoria
Regret,Regret
Loneliness,Loneliness
Emotional healing,Self-healing
Self-love,Self-love
Emotional independence,Emotional self-regulation
Resilience,Psychological resilience
Feminism,Feminism
LGBT pride,Pride (LGBTQ culture)
Personal identity,Personal identity
Coming of age,Coming of age
Nostalgia,Nostalgia
Freedom,Freedom
Hope,Hope
Rebellion,Rebellion
Party,Party
Drinking culture,Drinking culture
Escapism,Escapism
Carpe diem,Carpe diem
Nightlife,Nightlife
Materialism,Materialism
Social media,Social media
Social criticism,Social criticism
Inequality,Social inequality
Popular culture,Popular culture
Anxiety,Anxiety
Depression,Depression (mood)
Self-doubt,Doubt
Existential crisis,Existential crisis
Social alienation,Social alienation
Dream,Dream
Confidence,Confidence
Success,Success
Ambition,Ambition (character trait)
Utopia,Utopia
Fantasy,Fantasy (psychology)
Surrealism,Surrealism
Mythology,Myth
Science fiction,Science fiction
Friendship,Friendship
Dystopia,Dystopia
Loyalty,Loyalty
Family,Family
Empathy,Empathy
Human nature,Human nature
Road trip,Road trip
Adventure,Adventure
Travel,Travel
Infatuation,Infatuation
Passion,Passion (emotion)
Happiness,Happiness
Sadness,Sadness
Anger,Anger
Fear,Fear
Surprise,Surprise
Trust,Trust
Wealth,Wealth
Crime,Crime
Violence,Violence
War,War
Peace,Peace
Optimism,Optimism
Pessimism,Pessimism
Tradition,Tradition
